Date,Name,Year,Letterboxd URI
2018-03-23,The Pawnbroker,1964,https://boxd.it/1Dj8
2018-03-23,In the Heat of the Night,1967,https://boxd.it/1VLY
2018-03-23,Deliverance,1972,https://boxd.it/1VGk
2018-03-23,Foxy Brown,1974,https://boxd.it/1B8i
2018-03-23,Murder on the Orient Express,1974,https://boxd.it/24IY
2018-03-23,Taxi Driver,1976,https://boxd.it/2b8y
2018-03-23,Network,1976,https://boxd.it/1VqG
2018-03-23,The China Syndrome,1979,https://boxd.it/2990
2018-03-23,Southern Comfort,1981,https://boxd.it/1RMI
2018-03-23,Prince of the City,1981,https://boxd.it/1hQY
2018-03-23,Garbo Talks,1984,https://boxd.it/3zEK
2018-03-23,Blue Velvet,1986,https://boxd.it/29BI
2018-03-23,Matewan,1987,https://boxd.it/1xXQ
2018-03-23,Stalingrad,1993,https://boxd.it/1UDu
2018-03-23,On Deadly Ground,1994,https://boxd.it/1YcW
2018-03-23,Desperado,1995,https://boxd.it/20Bk
2018-03-23,The Siege,1998,https://boxd.it/1XCu
2018-03-23,Brother,2000,https://boxd.it/2aAm
2018-03-23,Into the Sun,2005,https://boxd.it/1xtw
2018-03-23,The Lives of Others,2006,https://boxd.it/2a4A
2018-03-23,This Is England,2006,https://boxd.it/1T44
2018-03-23,Before the Devil Knows You're Dead,2007,https://boxd.it/20Jy
2018-03-23,The Wolfman,2010,https://boxd.it/20IU
2018-03-23,The Way Way Back,2013,https://boxd.it/4Gwq
2018-03-23,Colossal,2016,https://boxd.it/biZi
2018-03-23,The Lego Batman Movie,2017,https://boxd.it/azp0
2018-03-23,I Don't Feel at Home in This World Anymore,2017,https://boxd.it/f42u
2018-03-23,The Killing of a Sacred Deer,2017,https://boxd.it/dZ5G
2018-03-23,Call Me by Your Name,2017,https://boxd.it/dYmm
2018-03-23,Dawson City: Frozen Time,2016,https://boxd.it/eAmk
2018-03-23,The Work,2017,https://boxd.it/fzso
2018-03-23,Phantom Thread,2017,https://boxd.it/e4uc
2018-03-23,The Lost City of Z,2016,https://boxd.it/a7jS
2018-03-23,The Florida Project,2017,https://boxd.it/dMG0
2018-03-23,Euphoria,2017,https://boxd.it/el38
2018-03-23,Dunkirk,2017,https://boxd.it/d0Y6
2018-03-23,Lady Bird,2017,https://boxd.it/dGNE
2018-03-23,The Post,2017,https://boxd.it/fTeG
2018-03-23,Darkest Hour,2017,https://boxd.it/dZZa
2018-03-23,All the Money in the World,2017,https://boxd.it/fUsk
2018-03-23,Mudbound,2017,https://boxd.it/eCsu
2018-03-23,"Roman J. Israel, Esq.",2017,https://boxd.it/ezRc
2018-03-23,The Little Hours,2017,https://boxd.it/ewec
2018-03-23,The Ritual,2017,https://boxd.it/fo0I
2018-03-23,Thoroughbreds,2017,https://boxd.it/dVHQ
2018-03-23,The Public,2018,https://boxd.it/aUes
2018-03-23,Yardie,2018,https://boxd.it/eSFE
2018-03-23,Prospect,2018,https://boxd.it/iijg
2018-03-23,Five Fingers for Marseilles,2017,https://boxd.it/gHvM
2018-03-23,Moon,2009,https://boxd.it/1IGQ
2018-03-24,Restrepo,2010,https://boxd.it/13Yk
2018-03-28,Negative Space,2017,https://boxd.it/guxK
2018-04-07,Chocolate,2008,https://boxd.it/1N1I
2018-04-13,Hot Summer Nights,2017,https://boxd.it/bFIE
2018-04-22,It Comes at Night,2017,https://boxd.it/eLuk
2018-05-09,Brick,2005,https://boxd.it/1Z6A
2018-06-05,White Boy Rick,2018,https://boxd.it/fAwG
2018-06-05,Let the Corpses Tan,2017,https://boxd.it/eWSs
2018-07-21,Hard Eight,1996,https://boxd.it/20DU
2018-07-26,What Keeps You Alive,2018,https://boxd.it/ic9Y
2018-08-03,If Beale Street Could Talk,2018,https://boxd.it/gGhu
2018-08-03,In the Mood for Love,2000,https://boxd.it/29tE
2018-08-23,Hold the Dark,2018,https://boxd.it/dQPg
2018-08-23,Four Hands,2017,https://boxd.it/grBE
2018-09-08,The Defiant Ones,1958,https://boxd.it/1TTQ
2018-09-17,Bottle Rocket,1996,https://boxd.it/1PDa
2018-09-22,The Sisters Brothers,2018,https://boxd.it/fDFm
2018-10-13,High Life,2018,https://boxd.it/d6bk
2018-10-13,Samurai Cop,1991,https://boxd.it/3Na
2018-10-17,Brawl in Cell Block 99,2017,https://boxd.it/dWOo
2018-12-02,The World Is Yours,2018,https://boxd.it/iehq
2018-12-31,Butterfly Caught,2017,https://boxd.it/heZU
2019-01-04,Leave No Trace,2018,https://boxd.it/fMfM
2019-01-04,Free Solo,2018,https://boxd.it/iEEq
2019-01-04,Shoplifters,2018,https://boxd.it/ifY6
2019-01-04,The Rider,2017,https://boxd.it/gazw
2019-01-04,"Monrovia, Indiana",2018,https://boxd.it/jAVu
2019-01-04,Private Life,2018,https://boxd.it/gn9Q
2019-01-04,Shirkers,2018,https://boxd.it/hDOs
2019-01-04,Minding the Gap,2018,https://boxd.it/hDNu
2019-01-04,Bisbee '17,2018,https://boxd.it/hFW4
2019-01-05,Revenge,2017,https://boxd.it/gL9g
2019-01-05,First Man,2018,https://boxd.it/cPym
2019-01-09,The Kindergarten Teacher,2018,https://boxd.it/hE3i
2019-01-09,The Kindergarten Teacher,2014,https://boxd.it/88fy
2019-01-11,Velvet Buzzsaw,2019,https://boxd.it/gAy0
2019-01-16,Eighth Grade,2018,https://boxd.it/hDMG
2019-01-16,"Night Is Short, Walk on Girl",2017,https://boxd.it/ffwA
2019-01-16,A Prayer Before Dawn,2017,https://boxd.it/fZ9i
2019-01-16,The Endless,2017,https://boxd.it/ffyw
2019-01-18,Gran Torino,2008,https://boxd.it/1Qzy
2019-01-18,The Man Who Killed Hitler and Then the Bigfoot,2018,https://boxd.it/jhd4
2019-01-18,High Flying Bird,2019,https://boxd.it/itka
2019-01-19,Pumping Iron,1977,https://boxd.it/23dA
2019-01-21,The Boys from Brazil,1978,https://boxd.it/1KvK
2019-01-22,Sugar,2008,https://boxd.it/1Jmi
2019-01-23,Roma,2018,https://boxd.it/f69M
2019-01-23,Border,2018,https://boxd.it/iMbG
2019-01-23,Can You Ever Forgive Me?,2018,https://boxd.it/e7x4
2019-01-25,Assault on Precinct 13,1976,https://boxd.it/1I2c
2019-01-25,First Blood,1982,https://boxd.it/28U0
2019-01-25,The Insider,1999,https://boxd.it/1ZoE
2019-01-25,Bronson,2008,https://boxd.it/1GM8
2019-01-25,Yojimbo,1961,https://boxd.it/1SRY
2019-01-25,Le Cercle Rouge,1970,https://boxd.it/1Tjy
2019-01-27,Smokin' Aces,2006,https://boxd.it/20Ri
2019-02-06,The Battle of Algiers,1966,https://boxd.it/1IRY
2019-02-26,King Arthur: Legend of the Sword,2017,https://boxd.it/8lDS
2019-02-26,First Reformed,2017,https://boxd.it/go9C
2019-02-26,White Rabbit,2018,https://boxd.it/hE6G
2019-02-26,Assassination Nation,2018,https://boxd.it/fSIq
2019-02-26,Anchor and Hope,2017,https://boxd.it/fOe2
2019-03-21,Contagion,2011,https://boxd.it/13rq
2019-04-05,Columbus,2017,https://boxd.it/eCuA
2019-04-17,Ramen Shop,2018,https://boxd.it/i4TE
2019-04-19,The Cannonball Run,1981,https://boxd.it/1UdQ
2019-04-30,Booksmart,2019,https://boxd.it/igNS
2019-05-03,Rampage,2009,https://boxd.it/15dg
2019-05-03,Blinded by the Light,2019,https://boxd.it/jrYO
2019-05-04,Shaft,2019,https://boxd.it/htPq
2019-05-08,Boyz n the Hood,1991,https://boxd.it/29Ug
2019-05-08,Do the Right Thing,1989,https://boxd.it/29gA
2019-05-08,Stand by Me,1986,https://boxd.it/2aOe
2019-05-17,Always Be My Maybe,2019,https://boxd.it/iB2y
2019-05-17,A Most Violent Year,2014,https://boxd.it/75Va
2019-05-22,Ex Machina,2014,https://boxd.it/7T2k
2019-05-22,Inside Out,2015,https://boxd.it/4KHC
2019-05-22,Inception,2010,https://boxd.it/1skk
2019-05-23,The Nightingale,2018,https://boxd.it/e1Ga
2019-05-23,The Package,2018,https://boxd.it/ibD4
2019-05-26,True Romance,1993,https://boxd.it/2aBa
2019-05-27,Once Upon a Time in Venice,2017,https://boxd.it/bAHG
2019-05-30,They Shall Not Grow Old,2018,https://boxd.it/jP62
2019-05-31,Children of Men,2006,https://boxd.it/1Y2i
2019-06-05,Luce,2019,https://boxd.it/hKuu
2019-06-08,Night Hunter,2018,https://boxd.it/fGVW
2019-06-09,Delinquent Girl Boss: Worthless to Confess,1971,https://boxd.it/r0Q
2019-06-09,Sex and Fury,1973,https://boxd.it/1Dgo
2019-06-10,Meet the Robinsons,2007,https://boxd.it/28Ym
2019-06-11,Brave,2012,https://boxd.it/bVG
2019-06-11,Up,2009,https://boxd.it/1OEc
2019-06-11,Monsters University,2013,https://boxd.it/bQm
2019-06-11,Cars,2006,https://boxd.it/29ho
2019-06-13,Escape Plan,2013,https://boxd.it/3DX2
2019-06-17,Man on Fire,2004,https://boxd.it/1Yvk
2019-06-17,Enemy of the State,1998,https://boxd.it/1XME
2019-06-17,The Last Boy Scout,1991,https://boxd.it/1YYQ
2019-06-17,Domino,2005,https://boxd.it/1Xw2
2019-06-17,Spy Game,2001,https://boxd.it/28Fk
2019-06-17,Prometheus,2012,https://boxd.it/2s9e
2019-06-17,Murder on the Orient Express,2017,https://boxd.it/dHjA
2019-06-17,The Assassination of Jesse James by the Coward Robert Ford,2007,https://boxd.it/24dG
2019-06-17,Thelma & Louise,1991,https://boxd.it/28Ew
2019-06-17,Hannibal,2001,https://boxd.it/1XVc
2019-06-17,Body of Lies,2008,https://boxd.it/1SvS
2019-06-17,Child 44,2015,https://boxd.it/5wEw
2019-06-17,The Andromeda Strain,2008,https://boxd.it/1Olk
2019-06-17,Fargo,1996,https://boxd.it/2aHM
2019-06-17,The Big Lebowski,1998,https://boxd.it/2b6C
2019-06-17,Inside Llewyn Davis,2013,https://boxd.it/34Ro
2019-06-17,True Grit,2010,https://boxd.it/Sog
2019-06-17,"O Brother, Where Art Thou?",2000,https://boxd.it/2b3I
2019-06-17,Dead Poets Society,1989,https://boxd.it/2aSg
2019-06-17,Toy Story,1995,https://boxd.it/29qA
2019-06-22,Das Boot,1981,https://boxd.it/2av2
2019-06-25,Queen & Slim,2019,https://boxd.it/jy4y
2019-07-03,Jumanji: Welcome to the Jungle,2017,https://boxd.it/bUeE
2019-07-03,Jumanji: The Next Level,2019,https://boxd.it/ixu4
2019-07-09,The Losers,2010,https://boxd.it/1ddo
2019-07-09,The Iceman,2012,https://boxd.it/2co8
2019-07-09,Gifted,2017,https://boxd.it/e5dG
2019-07-09,Scott Pilgrim vs. the World,2010,https://boxd.it/1Aq6
2019-07-09,Not Another Teen Movie,2001,https://boxd.it/1TWq
2019-07-09,Fantastic Four: Rise of the Silver Surfer,2007,https://boxd.it/27Ii
2019-07-09,Sunshine,2007,https://boxd.it/28Xy
2019-07-09,Fantastic Four,2005,https://boxd.it/1XVw
2019-07-09,Thor: The Dark World,2013,https://boxd.it/2DqA
2019-07-09,No Time to Die,2021,https://boxd.it/cPX2
2019-07-09,Avengers: Age of Ultron,2015,https://boxd.it/3qi6
2019-07-09,The Avengers,2012,https://boxd.it/1xFW
2019-07-09,Hot Tub Time Machine,2010,https://boxd.it/1zIS
2019-07-09,Black Swan,2010,https://boxd.it/Sw0
2019-07-09,The Martian,2015,https://boxd.it/8SeG
2019-07-09,The Fate of the Furious,2017,https://boxd.it/bbCw
2019-07-09,Furious 7,2015,https://boxd.it/5cVs
2019-07-09,Fast Five,2011,https://boxd.it/BgO
2019-07-09,Fast & Furious 6,2013,https://boxd.it/2UG6
2019-07-09,Baywatch,2017,https://boxd.it/biG6
2019-07-09,Izzy Gets the F*ck Across Town,2017,https://boxd.it/cXfC
2019-07-09,The Girl in the Spider's Web,2018,https://boxd.it/fUtW
2019-07-09,Straight Outta Compton,2015,https://boxd.it/8rMc
2019-07-09,Short Term 12,2013,https://boxd.it/5f6s
2019-07-09,The Girl with the Dragon Tattoo,2011,https://boxd.it/2Pa
2019-07-09,Skyfall,2012,https://boxd.it/17Fc
2019-07-09,Training Day,2001,https://boxd.it/27A4
2019-07-09,Malcolm X,1992,https://boxd.it/27WE
2019-07-09,Philadelphia,1993,https://boxd.it/1XMk
2019-07-09,Don't Think Twice,2016,https://boxd.it/c3W6
2019-07-09,In the Loop,2009,https://boxd.it/1EsA
2019-07-09,Die Hard,1988,https://boxd.it/2a7u
2019-07-09,Whisper of the Heart,1995,https://boxd.it/17uy
2019-07-09,Spirited Away,2001,https://boxd.it/2b4m
2019-07-09,Princess Mononoke,1997,https://boxd.it/2b4w
2019-07-09,Howl's Moving Castle,2004,https://boxd.it/23De
2019-07-09,Grave of the Fireflies,1988,https://boxd.it/1RUM
2019-07-09,Kiki's Delivery Service,1989,https://boxd.it/1JAY
2019-07-09,Ponyo,2008,https://boxd.it/1S0A
2019-07-09,The Wind Rises,2013,https://boxd.it/4JQS
2019-07-13,Freaks,2018,https://boxd.it/jFUm
2019-07-13,Paradise Hills,2019,https://boxd.it/hwMO
2019-07-13,Sword of Trust,2019,https://boxd.it/l9E6
2019-07-13,Almost Famous,2000,https://boxd.it/29CQ
2019-07-13,Mike and Dave Need Wedding Dates,2016,https://boxd.it/aciK
2019-07-14,It Follows,2014,https://boxd.it/87wo
2019-07-18,Monos,2019,https://boxd.it/eJGe
2019-07-19,Top Gun: Maverick,2021,https://boxd.it/cjr4
2019-07-19,Only the Brave,2017,https://boxd.it/dRqw
2019-07-22,Gates of Heaven,1978,https://boxd.it/1wBu
2019-07-22,The Thin Blue Line,1988,https://boxd.it/1OnK
2019-07-22,The Fog of War,2003,https://boxd.it/1Row
2019-07-22,"Mr. Death: The Rise and Fall of Fred A. Leuchter, Jr.",1999,https://boxd.it/1pYw
2019-07-22,Bitter Lake,2015,https://boxd.it/apwq
2019-07-22,The Living Dead,1995,https://boxd.it/Bhs
2019-07-22,The Century of the Self,2002,https://boxd.it/BnA
2019-07-22,HyperNormalisation,2016,https://boxd.it/eOGy
2019-07-22,All Watched Over by Machines of Loving Grace,2011,https://boxd.it/5Ose
2019-07-24,First Love,2019,https://boxd.it/m0iC
2019-07-25,Hobo with a Shotgun,2011,https://boxd.it/H5s
2019-07-30,Sgt. Bilko,1996,https://boxd.it/1Zas
2019-07-30,"Planes, Trains and Automobiles",1987,https://boxd.it/26zE
2019-07-31,The Lighthouse,2019,https://boxd.it/icFU
2019-07-31,The Hunt,2020,https://boxd.it/iE9i
2019-07-31,Until the End of the World,1991,https://boxd.it/1WuY
2019-07-31,"Paris, Texas",1984,https://boxd.it/29Ts
2019-07-31,Wings of Desire,1987,https://boxd.it/2b26
2019-08-03,Donnie Brasco,1997,https://boxd.it/1YRA
2019-08-06,The Wind That Shakes the Barley,2006,https://boxd.it/293Q
2019-08-06,Harlan County U.S.A.,1976,https://boxd.it/1fJw
2019-08-07,The Third Man,1949,https://boxd.it/294E
2019-08-09,Honey Boy,2019,https://boxd.it/ixvm
2019-08-10,Running with the Devil,2019,https://boxd.it/iZkQ
2019-08-10,Low Tide,2019,https://boxd.it/hLF4
2019-08-14,A Hidden Life,2019,https://boxd.it/eb1Q
2019-08-14,Fast & Furious,2009,https://boxd.it/1Pnm
2019-08-15,The Way of the Gun,2000,https://boxd.it/28t4
2019-08-15,The Usual Suspects,1995,https://boxd.it/29XE
2019-08-15,Valkyrie,2008,https://boxd.it/275g
2019-08-15,Moonrise Kingdom,2012,https://boxd.it/2Wng
2019-08-15,Pulp Fiction,1994,https://boxd.it/29Pq
2019-08-15,Looper,2012,https://boxd.it/ham
2019-08-15,Twelve Monkeys,1995,https://boxd.it/2beQ
2019-08-16,The Death of Dick Long,2019,https://boxd.it/kIoA
2019-08-21,The Babadook,2014,https://boxd.it/77xu
2019-08-21,Antlers,,https://boxd.it/iI50
2019-08-21,Marriage Story,2019,https://boxd.it/hJAw
2019-08-22,The Day Shall Come,2019,https://boxd.it/hJJS
2019-08-23,American Factory,2019,https://boxd.it/kJuY
2019-08-31,Ms. Purple,2019,https://boxd.it/kInM
2019-09-16,Nocturnal Animals,2016,https://boxd.it/bkFu
2019-09-19,Dark Waters,2019,https://boxd.it/kaYu
2019-09-20,City of Gold,2015,https://boxd.it/ahHg
2019-09-20,The Rhythm Section,2020,https://boxd.it/gI48
2019-09-20,Clemency,2019,https://boxd.it/kIko
2019-09-21,Fractured,2019,https://boxd.it/kPL2
2019-09-21,Flightplan,2005,https://boxd.it/1YZu
2019-09-26,The Talented Mr. Ripley,1999,https://boxd.it/2924
2019-10-10,Baraka,1992,https://boxd.it/1OWA
2019-10-10,Samsara,2011,https://boxd.it/3ada
2019-10-25,The King,2019,https://boxd.it/ieZs
2019-11-24,Men Behind the Sun,1988,https://boxd.it/1uGi
2019-11-26,A Guide to Recognizing Your Saints,2006,https://boxd.it/20wk
2019-12-12,Fletch,1985,https://boxd.it/1XTU
2019-12-17,The Souvenir,2019,https://boxd.it/gXU4
2019-12-17,The Farewell,2019,https://boxd.it/kIky
2019-12-17,Atlantics,2019,https://boxd.it/hVEK
2019-12-17,Her Smell,2018,https://boxd.it/iT5q
2019-12-17,The Ground Beneath My Feet,2019,https://boxd.it/kR4O
2020-01-08,Long Day's Journey Into Night,2018,https://boxd.it/hw1I
2020-01-08,Doctor Sleep,2019,https://boxd.it/i5vI
2020-01-08,Ready or Not,2019,https://boxd.it/kOf0
2020-01-08,"The Gangster, the Cop, the Devil",2019,https://boxd.it/lnuk
2020-01-08,Ford v Ferrari,2019,https://boxd.it/ce74
2020-01-08,A Beautiful Day in the Neighborhood,2019,https://boxd.it/i7vA
2020-01-08,Pain and Glory,2019,https://boxd.it/iOBQ
2020-01-08,Tigers Are Not Afraid,2017,https://boxd.it/bIww
2020-01-11,For Sama,2019,https://boxd.it/l9wQ
2020-01-11,The Intouchables,2011,https://boxd.it/2FT0
2020-01-11,Love Exposure,2008,https://boxd.it/1pDe
2020-01-15,Bacurau,2019,https://boxd.it/fSUG
2020-01-24,The One I Love,2014,https://boxd.it/77gy
2020-01-24,The Adjustment Bureau,2011,https://boxd.it/16T8
2020-01-25,The Burnt Orange Heresy,2019,https://boxd.it/kMMc
2020-01-28,Worth,2020,https://boxd.it/o7ZM
2020-01-29,Vivarium,2019,https://boxd.it/gmVE
2020-01-29,Mosquito,2020,https://boxd.it/eY2S
2020-02-14,The Personal History of David Copperfield,2019,https://boxd.it/iTAS
2020-02-24,Nemesis,1992,https://boxd.it/1y3u
2020-02-24,Split Second,1992,https://boxd.it/1R2q
2020-02-24,Burst City,1982,https://boxd.it/12s8
2020-04-15,American Graffiti,1973,https://boxd.it/29us
2020-04-15,THX 1138,1971,https://boxd.it/29Ww
2020-04-17,Blood Simple,1984,https://boxd.it/1U16
2020-05-13,Come and See,1985,https://boxd.it/1w9q
2020-05-19,Paprika,2006,https://boxd.it/23wW
2020-05-28,Midnight Express,1978,https://boxd.it/1U7I
2020-05-29,Lucky Grandma,2019,https://boxd.it/m2by
2020-06-19,Candyman,1992,https://boxd.it/1Ys6
2020-07-09,The Descendants,2011,https://boxd.it/4Ba
2020-07-17,Local Hero,1983,https://boxd.it/1Uiw
2020-07-31,Paths of Glory,1957,https://boxd.it/29b6
2020-07-31,Master and Commander: The Far Side of the World,2003,https://boxd.it/200S
2020-08-08,Reds,1981,https://boxd.it/1Hhq
2020-09-27,Jane Eyre,2011,https://boxd.it/15rs
2020-12-14,The Spy Who Came In from the Cold,1965,https://boxd.it/1PQS
2020-12-15,Nomadland,2020,https://boxd.it/lnRy
2020-12-22,The Outfit,1973,https://boxd.it/1teM
